Symbol,Name,LastSale,MarketCap,ADR TSO,IPOyear,Sector,industry,Summary Quote
FAX,Aberdeen Asia-Pacific Income Fund Inc,7.89,2059098620.16,n/a,1986,n/a,n/a,http://www.nasdaq.com/symbol/fax
IAF,Aberdeen Australia Equity Fund Inc,9.99,225515468.79,n/a,1985,n/a,n/a,http://www.nasdaq.com/symbol/iaf
CH,"Aberdeen Chile Fund, Inc.",15.13,142017699.61,n/a,n/a,n/a,n/a,http://www.nasdaq.com/symbol/ch
ETF,Aberdeen Emerging Markets Telecommunications and Infrastructur,20.11,165840433.15,n/a,1992,n/a,n/a,http://www.nasdaq.com/symbol/etf
FCO,"Aberdeen Global Income Fund, Inc.",13.981,128002891.709,n/a,1992,n/a,n/a,http://www.nasdaq.com/symbol/fco
IF,"Aberdeen Indonesia Fund, Inc.",13.52,111836385.44,n/a,1990,n/a,n/a,http://www.nasdaq.com/symbol/if
ISL,"Aberdeen Israel Fund, Inc.",12.86,54924931.4,n/a,1992,n/a,n/a,http://www.nasdaq.com/symbol/isl
AXK,Accelr8 Technology Corporation,3.65,92461577.35,n/a,n/a,Capital Goods,Biotechnology: Laboratory Analytical Instruments,http://www.nasdaq.com/symbol/axk
ACU,Acme United Corporation.,10.828,33710021.956,n/a,1988,Capital Goods,Industrial Machinery/Components,http://www.nasdaq.com/symbol/acu
AQ            ,Acquity Group Limited,6.76,158970931.6,n/a,n/a,Miscellaneous,Business Services,http://www.nasdaq.com/symbol/aq            
AE,"Adams Resources & Energy, Inc.",34.33,144790070.68,n/a,n/a,Energy,Oil Refining/Marketing,http://www.nasdaq.com/symbol/ae
ADK,Adcare Health Systems Inc,4.26,62444617.86,n/a,n/a,Health Care,Hospital/Nursing Management,http://www.nasdaq.com/symbol/adk
ADK^A,Adcare Health Systems Inc,24,0,n/a,n/a,n/a,n/a,http://www.nasdaq.com/symbol/adk^a
API,"Advanced Photonix, Inc.",0.55,17138630.85,n/a,n/a,Technology,Semiconductors,http://www.nasdaq.com/symbol/api
ANX,"ADVENTRX Pharmaceuticals, Inc.",0.61,29108812.65,n/a,n/a,Consumer Durables,Major Pharmaceuticals,http://www.nasdaq.com/symbol/anx
ACY,AeroCentury Corp.,13.19,20355559.83,n/a,n/a,Technology,Diversified Commercial Services,http://www.nasdaq.com/symbol/acy
AIM,Aerosonic Corporation,3.5,13456523.5,n/a,n/a,Capital Goods,Industrial Machinery/Components,http://www.nasdaq.com/symbol/aim
AA^,Alcoa Inc.,87.4,0,n/a,n/a,Capital Goods,Metal Fabrications,http://www.nasdaq.com/symbol/aa^
AXX,Alderon Iron Ore Corp.,1.3,168927417.1,n/a,n/a,Basic Industries,Precious Metals,http://www.nasdaq.com/symbol/axx
AXU,Alexco Resource Corp,3.73,225399789.54,n/a,n/a,Basic Industries,Precious Metals,http://www.nasdaq.com/symbol/axu
ANV,Allied Nevada Gold Corp.,33.13,2971388353.76,n/a,n/a,Basic Industries,Precious Metals,http://www.nasdaq.com/symbol/anv
AAU,"Almaden Minerals, Ltd.",2.54,150424695.34,n/a,n/a,Basic Industries,Precious Metals,http://www.nasdaq.com/symbol/aau
APT,"Alpha Pro Tech, Ltd.",1.48,30436481.2,n/a,n/a,Health Care,Industrial Specialties,http://www.nasdaq.com/symbol/apt
DIT,AMCON Distributing Company,60,38027580,n/a,n/a,Consumer Non-Durables,Food Distributors,http://www.nasdaq.com/symbol/dit
APP,American Apparel Inc,0.904,96221130.816,n/a,1994,Finance,Business Services,http://www.nasdaq.com/symbol/app
ADGE,American DG Energy Inc.,2.09,100672081.4,n/a,n/a,Energy,Electric Utilities: Central,http://www.nasdaq.com/symbol/adge
ALN,American Lorain Corporation,1.35,46585629.9,n/a,n/a,Consumer Non-Durables,Packaged Foods,http://www.nasdaq.com/symbol/aln
AMS,American Shared Hospital Services,2.64,12159496.8,n/a,n/a,Health Care,Medical Specialities,http://www.nasdaq.com/symbol/ams
AQQ,"American Spectrum Realty, Inc.",3.9999,14258759.5221,n/a,n/a,Consumer Services,Real Estate Investment Trusts,http://www.nasdaq.com/symbol/aqq
AXN,"Aoxing Pharmaceutical Company, Inc.",0.2698,13407662.9756,n/a,n/a,Consumer Durables,Major Pharmaceuticals,http://www.nasdaq.com/symbol/axn
AGX,"Argan, Inc.",18.12,249573373.8,n/a,n/a,Basic Industries,Engineering & Construction,http://www.nasdaq.com/symbol/agx
ARR/WS,Armour Residential R,0.02,0,n/a,n/a,n/a,n/a,http://www.nasdaq.com/symbol/arr/ws
HRT,Arrhythmia Research Technology Inc.,2.18,6083320.52,n/a,n/a,Health Care,Biotechnology: Electromedical & Electrotherapeutic Apparatus,http://www.nasdaq.com/symbol/hrt
ATC,ATC Venture Group Inc.,0.15,1066099.2,n/a,1986,Capital Goods,Auto Parts:O.E.M.,http://www.nasdaq.com/symbol/atc
ATL,Atlatsa Resources Corporation,0.15,30283270.95,n/a,1986,Basic Industries,Precious Metals,http://www.nasdaq.com/symbol/atl
AZC,Augusta Resource Corporation,2.51,361649318.94,n/a,n/a,Basic Industries,Precious Metals,http://www.nasdaq.com/symbol/azc
AZK,"Aurizon Mines, Ltd.",3.88,638387368.76,n/a,n/a,Basic Industries,Precious Metals,http://www.nasdaq.com/symbol/azk
AWX,Avalon Holdings Corporation,4,15213324,n/a,n/a,Public Utilities,Environmental Services,http://www.nasdaq.com/symbol/awx
AVL,"Avalon Rare Metals, Inc.",1.4,145070780.4,n/a,1980,Basic Industries,Precious Metals,http://www.nasdaq.com/symbol/avl
ASM,Avino Silver,1.7846,48402663.5936,n/a,1992,Basic Industries,Precious Metals,http://www.nasdaq.com/symbol/asm
BONE,"Bacterin International Holdings, Inc.",1.26,53677063.44,n/a,n/a,Health Care,Biotechnology: Biological Products (No Diagnostic Substances),http://www.nasdaq.com/symbol/bone
BKR,Baker (Michael) Corporation,18.44,177884779.2,n/a,n/a,Consumer Services,Other Consumer Services,http://www.nasdaq.com/symbol/bkr
BTN,"Ballantyne Strong, Inc",3.16,44392858.68,n/a,1995,Miscellaneous,Industrial Machinery/Components,http://www.nasdaq.com/symbol/btn
BKJ,"Bancorp of New Jersey, Inc",10.04,52277597.28,n/a,n/a,Finance,Major Banks,http://www.nasdaq.com/symbol/bkj
BCV,"Bancroft Convertible Fund, Inc.",16.27,86483347.7,n/a,n/a,n/a,n/a,http://www.nasdaq.com/symbol/bcv
BAA,BANRO CORPORATION,2.88,581384269.44,n/a,n/a,Basic Industries,Precious Metals,http://www.nasdaq.com/symbol/baa
BHB,"Bar Harbor Bankshares, Inc.",33.42,131054090.34,n/a,n/a,Finance,Major Banks,http://www.nasdaq.com/symbol/bhb
BRN,"Barnwell Industries, Inc.",3.35,27728486,n/a,n/a,Energy,Oil & Gas Production,http://www.nasdaq.com/symbol/brn
BXE,Bellatrix Exploration Ltd,4.3,462709601.2,n/a,n/a,Energy,Oil & Gas Production,http://www.nasdaq.com/symbol/bxe
BIR^A,"Berkshire Income Realty, Inc.",27.65,0,n/a,n/a,n/a,n/a,http://www.nasdaq.com/symbol/bir^a
BTX,"BioTime, Inc.",3.52,179149414.4,n/a,n/a,Health Care,Biotechnology: Biological Products (No Diagnostic Substances),http://www.nasdaq.com/symbol/btx
BMJ,Birks & Mayors Inc.,0.8498,12605602.6278,n/a,n/a,Consumer Services,Consumer Specialties,http://www.nasdaq.com/symbol/bmj
BZM,BlackRock Maryland Municipal Bond Trust,18.12,37540707.96,n/a,2002,n/a,n/a,http://www.nasdaq.com/symbol/bzm
BLE,BlackRock Municipal Income Trust II,17.08,399704195.8,n/a,1992,n/a,n/a,http://www.nasdaq.com/symbol/ble
BLJ,Blackrock New Jersey Municipal Bond Trust,18.8,43666478,n/a,2002,n/a,n/a,http://www.nasdaq.com/symbol/blj
BFY,BlackRock New York Municipal Income Trust II,17.05,85004428.85,n/a,2002,n/a,n/a,http://www.nasdaq.com/symbol/bfy
BPS,BlackRock Pennsylvania Strategic Municipal Trust (The),16.24,32944122.96,n/a,1994,n/a,n/a,http://www.nasdaq.com/symbol/bps
BHV,BlackRock Virginia Municipal Bond Trust,21.8,34473975,n/a,2002,n/a,n/a,http://www.nasdaq.com/symbol/bhv
BDR,"Blonder Tongue Laboratories, Inc.",1.15,7147889.4,n/a,1995,Technology,Radio And Television Broadcasting And Communications Equipment,http://www.nasdaq.com/symbol/bdr
BVX,Bovie Medical Corporation,3,53339886,n/a,n/a,Health Care,Medical/Dental Instruments,http://www.nasdaq.com/symbol/bvx
BWL/A,"Bowl America, Inc.",12.75,0,n/a,n/a,Consumer Services,Services-Misc. Amusement & Recreation,http://www.nasdaq.com/symbol/bwl/a
BZC,Breeze-Eastern Corporation,8.33,79269887.69,n/a,n/a,Capital Goods,Military/Government/Technical,http://www.nasdaq.com/symbol/bzc
BRD,Brigus Gold Corp,0.9651,218062594.3086,n/a,n/a,Basic Industries,Precious Metals,http://www.nasdaq.com/symbol/brd
BTI,"British American Tobacco  Industries, p.l.c.",102.34,99684544312.08,n/a,n/a,Consumer Non-Durables,Farming/Seeds/Milling,http://www.nasdaq.com/symbol/bti
CAK,CAMAC Energy Inc.,0.71,110693006.53,n/a,n/a,Energy,Oil & Gas Production,http://www.nasdaq.com/symbol/cak
CDY,Cardero Resource Corporation,0.5,47270727,n/a,n/a,Basic Industries,Precious Metals,http://www.nasdaq.com/symbol/cdy
CXM,"Cardium Therapeutics, Inc.",0.2097,27096879.5532,n/a,n/a,Health Care,Biotechnology: Biological Products (No Diagnostic Substances),http://www.nasdaq.com/symbol/cxm
ROX,"Castle Brands, Inc.",0.3,32545519.8,n/a,2006,Consumer Non-Durables,Beverages (Production/Distribution),http://www.nasdaq.com/symbol/rox
CAW,"CCA Industries, Inc.",4.14,29205389.88,n/a,n/a,Consumer Non-Durables,Package Goods/Cosmetics,http://www.nasdaq.com/symbol/caw
CVM,Cel-Sci Corporation,0.33,90090801.57,n/a,n/a,Health Care,Biotechnology: Biological Products (No Diagnostic Substances),http://www.nasdaq.com/symbol/cvm
CEF,Central Fund of Canada Limited,22.93,5834142109.09,n/a,n/a,n/a,n/a,http://www.nasdaq.com/symbol/cef
GTU,Central Gold Trust,67.2,1296892800,n/a,n/a,n/a,n/a,http://www.nasdaq.com/symbol/gtu
CET,Central Securities Corporation,18.95,434147077.2,n/a,n/a,n/a,n/a,http://www.nasdaq.com/symbol/cet
CCF,Chase Corporation,17.2,155929627.2,n/a,n/a,Consumer Durables,Building Products,http://www.nasdaq.com/symbol/ccf
CQP,"Cheniere Energy Partners, LP",20.79,5714595553.59,n/a,2007,Public Utilities,Oil/Gas Transmission,http://www.nasdaq.com/symbol/cqp
LNG,"Cheniere Energy, Inc.",15.48,3457339160.04,n/a,n/a,Public Utilities,Oil/Gas Transmission,http://www.nasdaq.com/symbol/lng
CVR,Chicago Rivet & Machine Co.,19.3068,18652917.2976,n/a,n/a,Technology,Industrial Machinery/Components,http://www.nasdaq.com/symbol/cvr
CNAM,"China Armco Metals, Inc.",0.399,7321142.073,n/a,n/a,Consumer Durables,Steel/Iron Ore,http://www.nasdaq.com/symbol/cnam
CBP,China Botanic Pharmaceutical Inc.,0.5022,18701694.9792,n/a,n/a,Consumer Durables,Major Pharmaceuticals,http://www.nasdaq.com/symbol/cbp
CHGS,"China GengSheng Minerals, Inc.",0.3502,9386426.0088,n/a,n/a,Consumer Durables,Miscellaneous manufacturing industries,http://www.nasdaq.com/symbol/chgs
CMFO,China Marine Food Group Limited,1.1,32695273.6,n/a,n/a,Consumer Non-Durables,Packaged Foods,http://www.nasdaq.com/symbol/cmfo
CNR,China Metro-Rural Holdings Limited,0.91,66924841.62,n/a,n/a,Finance,Real Estate,http://www.nasdaq.com/symbol/cnr
CPHI,"China Pharma Holdings, Inc.",0.33,14381253.81,n/a,n/a,Consumer Durables,Major Pharmaceuticals,http://www.nasdaq.com/symbol/cphi
SHZ,"China Shen Zhou Mining & Resources, Inc.",0.2721,13492557.1239,n/a,n/a,Basic Industries,Precious Metals,http://www.nasdaq.com/symbol/shz
CRC,"Chromcraft Revington, Inc.",0.4785,3105613.8135,n/a,1992,Consumer Durables,Home Furnishings,http://www.nasdaq.com/symbol/crc
MBA,CIBT Education Group Inc.,0.201,14153082.144,n/a,1992,Consumer Services,Other Consumer Services,http://www.nasdaq.com/symbol/mba
CKX,"CKX Lands, Inc.",13.53,26281957.35,n/a,n/a,Energy,Oil & Gas Production,http://www.nasdaq.com/symbol/ckx
CGR,"Claude Resources, Inc.",0.634,110154687.576,n/a,n/a,Basic Industries,Precious Metals,http://www.nasdaq.com/symbol/cgr
GLV,Clough Global Allocation Fund,12.92,134815109.52,n/a,2004,n/a,n/a,http://www.nasdaq.com/symbol/glv
GLQ,Clough Global Equity Fund,12.15,216764565.75,n/a,2005,n/a,n/a,http://www.nasdaq.com/symbol/glq
GLO,Clough Global Opportunities Fund,11.02,570140186.18,n/a,1988,n/a,n/a,http://www.nasdaq.com/symbol/glo
CRV,"Coast Distribution System, Inc. (The)",2.01,9905141.31,n/a,n/a,Capital Goods,Automotive Aftermarket,http://www.nasdaq.com/symbol/crv
MOC,Command Security Corporation,1.51,14596411.98,n/a,n/a,Consumer Services,Diversified Commercial Services,http://www.nasdaq.com/symbol/moc
BTC,Community Bankers Trust Corporation.,2.52,54575516.52,n/a,n/a,Finance,Major Banks,http://www.nasdaq.com/symbol/btc
CIX,CompX International Inc.,13.25,164195417.75,n/a,1998,Capital Goods,Industrial Machinery/Components,http://www.nasdaq.com/symbol/cix
LODE,"Comstock Mining, Inc.",2.22,96704312.22,n/a,n/a,Basic Industries,Precious Metals,http://www.nasdaq.com/symbol/lode
CTO,Consolidated-Tomoka Land Co.,30.63,179073455.46,n/a,n/a,Finance,Real Estate,http://www.nasdaq.com/symbol/cto
CEP,"Constellation Energy Partners, LLC",1.33,31506460.44,n/a,n/a,Energy,Oil & Gas Production,http://www.nasdaq.com/symbol/cep
MCF,Contango Oil & Gas Company,43.55,661740159.6,n/a,1990,Energy,Oil & Gas Production,http://www.nasdaq.com/symbol/mcf
CUO,Continental Materials Corporation,11.2,18303913.6,n/a,n/a,Capital Goods,Building Materials,http://www.nasdaq.com/symbol/cuo
CMT,Core Molding Technologies Inc,6.53,47505854.48,n/a,1992,Consumer Non-Durables,Plastic Products,http://www.nasdaq.com/symbol/cmt
CRMD,CorMedix Inc,0.4145,4728729.573,n/a,n/a,Consumer Durables,Major Pharmaceuticals,http://www.nasdaq.com/symbol/crmd
CRMD/WS,CorMedix Inc,0.112,0,n/a,n/a,n/a,n/a,http://www.nasdaq.com/symbol/crmd/ws
CFP,Cornerstone Progressive Return Fund,5.05,125820810.6,n/a,n/a,n/a,n/a,http://www.nasdaq.com/symbol/cfp
CRF,"Cornerstone Strategic Return Fund, Inc. (The)",5.62,37879867.8,n/a,1994,n/a,n/a,http://www.nasdaq.com/symbol/crf
CLM,"Cornerstone Strategic Value Fund, Inc.",6.02,88323501.56,n/a,1987,n/a,n/a,http://www.nasdaq.com/symbol/clm
COVR,Cover-All Technologies Inc.,1.13,29247484.9,n/a,n/a,Technology,Computer Software: Prepackaged Software,http://www.nasdaq.com/symbol/covr
CVU,"CPI Aerostructures, Inc.",10.02,83701759.38,n/a,n/a,Capital Goods,Military/Government/Technical,http://www.nasdaq.com/symbol/cvu
CIK,"Credit Suisse Asset Management Income Fund, Inc.",3.83,191847342.7,n/a,n/a,n/a,n/a,http://www.nasdaq.com/symbol/cik
DHY,Credit Suisse High Yield Bond Fund,3.2,261886876.8,n/a,1998,n/a,n/a,http://www.nasdaq.com/symbol/dhy
EXE,"Crexendo, Inc.",2.88,30727298.88,n/a,n/a,Technology,EDP Services,http://www.nasdaq.com/symbol/exe
CXZ,Crosshair Energy Corp,0.1269,8347758.3882,n/a,n/a,Basic Industries,Mining & Quarrying of Nonmetallic Minerals (No Fuels),http://www.nasdaq.com/symbol/cxz
CRVP,"Crystal Rock Holdings, Inc.",0.96,20525549.76,n/a,n/a,Consumer Non-Durables,Food Distributors,http://www.nasdaq.com/symbol/crvp
CTP,CTPartners Executive Search Inc.,4.05,28283422.05,n/a,2010,Technology,Diversified Commercial Services,http://www.nasdaq.com/symbol/ctp
QBC,Cubic Energy Inc,0.28,21620454.24,n/a,n/a,Energy,Oil & Gas Production,http://www.nasdaq.com/symbol/qbc
DXR,Daxor Corporation,7.8699,33019755.1698,n/a,n/a,Health Care,Medical/Dental Instruments,http://www.nasdaq.com/symbol/dxr
DEJ,Dejour Energy Inc.,0.1899,28279219.4226,n/a,n/a,Energy,Oil & Gas Production,http://www.nasdaq.com/symbol/dej
VCF,"Delaware Investments Colorado Municipal Income Fund, Inc",15.65,75700615,n/a,1993,n/a,n/a,http://www.nasdaq.com/symbol/vcf
VFL,Delaware Investments Florida Insured Municipal Income Fund,14.98,67836076.14,n/a,1993,n/a,n/a,http://www.nasdaq.com/symbol/vfl
VMM,"Delaware Investments Minnesota Municipal Income Fund II, Inc.",15.6,179477610,n/a,1993,n/a,n/a,http://www.nasdaq.com/symbol/vmm
DLA,"Delta Apparel, Inc.",15.12,125788602.24,n/a,n/a,Consumer Non-Durables,Apparel,http://www.nasdaq.com/symbol/dla
DNN,Denison Mine Corp,1.1,427686506.5,n/a,n/a,Basic Industries,Precious Metals,http://www.nasdaq.com/symbol/dnn
DGSE,"DGSE Companies, Inc.",5.3,64530595.2,n/a,n/a,Consumer Services,Consumer Specialties,http://www.nasdaq.com/symbol/dgse
DPW,Digital Power Corporation,0.6701,4598996.815,n/a,n/a,Capital Goods,Industrial Machinery/Components,http://www.nasdaq.com/symbol/dpw
DSS,"Document Security Systems, Inc.",2.7,58606110.9,n/a,n/a,Technology,EDP Services,http://www.nasdaq.com/symbol/dss
DMF,"Dreyfus Municipal Income, Inc.",11.2,231268587.2,n/a,1988,n/a,n/a,http://www.nasdaq.com/symbol/dmf
GRF,"Eagle Capital Growth Fund, Inc.",6.65,20782074.6,n/a,n/a,n/a,n/a,http://www.nasdaq.com/symbol/grf
ESTE,"Earthstone Energy, Inc.",15.31,26344100.72,n/a,n/a,Energy,Oil & Gas Production,http://www.nasdaq.com/symbol/este
EVM,Eaton Vance California Municipal Bond Fund,12.8,278479180.8,n/a,2002,n/a,n/a,http://www.nasdaq.com/symbol/evm
EIA,Eaton Vance California Municipal Bond Fund II,15.26,59256762.18,n/a,2002,n/a,n/a,http://www.nasdaq.com/symbol/eia
CEV,Eaton Vance California Municipal Income Trust,14.85,107688665.7,n/a,1999,n/a,n/a,http://www.nasdaq.com/symbol/cev
EVV,Eaton Vance Limited Duration Income Fund,16.97,1991330276.41,n/a,2003,n/a,n/a,http://www.nasdaq.com/symbol/evv
MAB,Eaton Vance Massachusetts Municipal Bond Fund,17.5,30916602.5,n/a,2002,n/a,n/a,http://www.nasdaq.com/symbol/mab
MMV,Eaton Vance Massachusetts Municipal Income Trust,16.83,46250590.32,n/a,1999,n/a,n/a,http://www.nasdaq.com/symbol/mmv
MIW,Eaton Vance Michigan Municipal Bond Fund,16.3,24668697.1,n/a,2002,n/a,n/a,http://www.nasdaq.com/symbol/miw
EMI,Eaton Vance Michigan Municipal Income Trust,14.45,30580448.3,n/a,1999,n/a,n/a,http://www.nasdaq.com/symbol/emi
EIM,Eaton Vance Municipal Bond Fund,14.76,1005508513.08,n/a,2002,n/a,n/a,http://www.nasdaq.com/symbol/eim
EIV,Eaton Vance Municipal Bond Fund II,13.99,139898545.04,n/a,2002,n/a,n/a,http://www.nasdaq.com/symbol/eiv
EMJ,Eaton Vance New Jersey Municipal Bond Fund,15.69,40801954.83,n/a,2002,n/a,n/a,http://www.nasdaq.com/symbol/emj
EVJ,Eaton Vance New Jersey Municipal Income Trust,16.36,76425543.68,n/a,1999,n/a,n/a,http://www.nasdaq.com/symbol/evj
ENX,Eaton Vance New York Municipal Bond Fund,14.76,234445330.8,n/a,2002,n/a,n/a,http://www.nasdaq.com/symbol/enx
NYH,Eaton Vance New York Municipal Bond Fund II,14.18,36373259.8,n/a,2002,n/a,n/a,http://www.nasdaq.com/symbol/nyh
EVY,Eaton Vance New York Municipal Income Trust,15.88,86822073.8,n/a,1999,n/a,n/a,http://www.nasdaq.com/symbol/evy
EIO,Eaton Vance Ohio Municipal Bond Fund,15.19,38479945.98,n/a,2002,n/a,n/a,http://www.nasdaq.com/symbol/eio
EVO,Eaton Vance Ohio Municipal Income Trust,16.69,47671313.2,n/a,1999,n/a,n/a,http://www.nasdaq.com/symbol/evo
EIP,Eaton Vance Pennsylvania Municipal Bond Fund,16.75,49533384.75,n/a,2002,n/a,n/a,http://www.nasdaq.com/symbol/eip
EVP,Eaton Vance Pennsylvania Municipal Income Trust,15.36,41755453.44,n/a,1999,n/a,n/a,http://www.nasdaq.com/symbol/evp
ECBE,ECB Bancorp Inc,14.42,41887807.22,n/a,n/a,Finance,Major Banks,http://www.nasdaq.com/symbol/ecbe
ELMD,"Electromed, Inc.",1.6,12982803.2,n/a,2010,Health Care,Biotechnology: Electromedical & Electrotherapeutic Apparatus,http://www.nasdaq.com/symbol/elmd
ETAK,Elephant Talk Communications Corp.,1.13,129622532.78,n/a,n/a,Public Utilities,Telecommunications Equipment,http://www.nasdaq.com/symbol/etak
ELLO,Ellomay Capital Ltd.,5.6,59899117.6,n/a,n/a,Capital Goods,Industrial Machinery/Components,http://www.nasdaq.com/symbol/ello
ECF,"Ellsworth Convertible Growth and Income Fund, Inc.",7.02,94445514.54,n/a,1986,n/a,n/a,http://www.nasdaq.com/symbol/ecf
EMAN,eMagin Corporation,3.21,75995276.61,n/a,n/a,Technology,Semiconductors,http://www.nasdaq.com/symbol/eman
EOX,"Emerald Oil, Inc.",5.04,120326708.88,n/a,n/a,Energy,Oil & Gas Production,http://www.nasdaq.com/symbol/eox
MSN,Emerson Radio Corporation,1.6601,45038234.1032,n/a,n/a,Consumer Non-Durables,Consumer Electronics/Appliances,http://www.nasdaq.com/symbol/msn
EGT,Entertainment Gaming Asia Incorporated,2.15,64364898.3,n/a,n/a,Consumer Durables,Miscellaneous manufacturing industries,http://www.nasdaq.com/symbol/egt
EGI,Entree Gold Inc,0.4779,61590434.4297,n/a,n/a,Basic Industries,Precious Metals,http://www.nasdaq.com/symbol/egi
EVI,"EnviroStarm, Inc.",2.01,14137801.32,n/a,n/a,Consumer Services,Other Consumer Services,http://www.nasdaq.com/symbol/evi
ERB,"ERBA Diagnostics, Inc.",0.59,25758350.39,n/a,1983,Consumer Durables,Major Pharmaceuticals,http://www.nasdaq.com/symbol/erb
ESP,Espey Mfg. & Electronics Corp.,27.37,63655585.91,n/a,n/a,Capital Goods,Industrial Machinery/Components,http://www.nasdaq.com/symbol/esp
ETUA,eUnits 2 Year U.S. Market Participation Trust,10,26183890,n/a,n/a,n/a,n/a,http://www.nasdaq.com/symbol/etua
ETUB,eUnits 2 Year U.S. Market Participation Trust,10.1,0,n/a,n/a,n/a,n/a,http://www.nasdaq.com/symbol/etub
EMXX,Eurasian Minerals Inc.,2,144103744,n/a,n/a,Basic Industries,Precious Metals,http://www.nasdaq.com/symbol/emxx
EVBN,"Evans Bancorp, Inc.",16,66518752,n/a,n/a,Finance,Major Banks,http://www.nasdaq.com/symbol/evbn
EVK,"Ever-Glory International Group, Inc.",2,29544540,n/a,n/a,Consumer Non-Durables,Apparel,http://www.nasdaq.com/symbol/evk
EPM,"Evolution Petroleum Corporation, Inc.",7.67,215158556.21,n/a,n/a,Energy,Oil & Gas Production,http://www.nasdaq.com/symbol/epm
EPM^A,"Evolution Petroleum Corporation, Inc.",27.4,0,n/a,n/a,n/a,n/a,http://www.nasdaq.com/symbol/epm^a
XRA,Exeter Resource Corporation,1.31,115748656.43,n/a,n/a,Basic Industries,Mining & Quarrying of Nonmetallic Minerals (No Fuels),http://www.nasdaq.com/symbol/xra
FU,FAB Universal Corp.,2.43,49739329.8,n/a,n/a,Technology,Computer Software: Prepackaged Software,http://www.nasdaq.com/symbol/fu
FPP,FieldPoint Petroleum Corporation,3.86,31049592.96,n/a,n/a,Energy,Oil & Gas Production,http://www.nasdaq.com/symbol/fpp
FPP/WS,FieldPoint Petroleum Corporation,0.8594,0,n/a,n/a,n/a,n/a,http://www.nasdaq.com/symbol/fpp/ws
MXN,"First American Minnesota Municipal Income Fund II, Inc.",16.6,24443599.6,n/a,2002,n/a,n/a,http://www.nasdaq.com/symbol/mxn
FEN,First Trust Energy Income and Growth Fund,30.53,504652504.25,n/a,2004,n/a,n/a,http://www.nasdaq.com/symbol/fen
FWV,"First West Virginia Bancorp, Inc.",14.78,24428590.92,n/a,n/a,Finance,Major Banks,http://www.nasdaq.com/symbol/fwv
BDL,"Flanigan&#39;s Enterprises, Inc.",7.35,13672815.45,n/a,n/a,Consumer Services,Restaurants,http://www.nasdaq.com/symbol/bdl
FSI,Flexible Solutions International Inc.,1.19,15672289.29,n/a,1998,Basic Industries,Major Chemicals,http://www.nasdaq.com/symbol/fsi
FFI,"Fortune Diversified Industries, Inc.",0.1876,2305095.604,n/a,1983,Consumer Services,Telecommunications Equipment,http://www.nasdaq.com/symbol/ffi
FSP,Franklin Street Properties Corp.,11.11,921434569.55,n/a,n/a,Consumer Services,Real Estate Investment Trusts,http://www.nasdaq.com/symbol/fsp
FTF,Franklin Templeton Limited Duration Income Trust,14.21,380642317.93,n/a,2003,n/a,n/a,http://www.nasdaq.com/symbol/ftf
FOH,Frederick&#39;s of Hollywood Group,0.31,12082240.08,n/a,n/a,Consumer Non-Durables,Apparel,http://www.nasdaq.com/symbol/foh
FRD,Friedman Industries Inc.,9.99,67926445.56,n/a,1972,Capital Goods,Steel/Iron Ore,http://www.nasdaq.com/symbol/frd
FRS,"Frisch&#39;s Restaurants, Inc.",17.3,87342700.3,n/a,n/a,Consumer Services,Restaurants,http://www.nasdaq.com/symbol/frs
FLL,"Full House Resorts, Inc.",3.02,56412636.62,n/a,n/a,Consumer Services,Hotels/Resorts,http://www.nasdaq.com/symbol/fll
GLU,Gabelli Global Utility,20.4,62992792.8,n/a,2004,n/a,n/a,http://www.nasdaq.com/symbol/glu
GGN,"GAMCO Global Gold, Natural Reources & Income Trust by Gabelli",13.3,1143124639.3,n/a,2005,n/a,n/a,http://www.nasdaq.com/symbol/ggn
GGN^A,"GAMCO Global Gold, Natural Reources & Income Trust by Gabelli",25.4199,0,n/a,n/a,n/a,n/a,http://www.nasdaq.com/symbol/ggn^a
EGAS,Gas Natural Inc.,9.43,78916152.61,n/a,n/a,Public Utilities,Oil/Gas Transmission,http://www.nasdaq.com/symbol/egas
GSX,GASCO ENERGY INC,0.1201,20386972.7181,n/a,n/a,Energy,Oil & Gas Production,http://www.nasdaq.com/symbol/gsx
GST,Gastar Exploration,0.7175,47113247.7025,n/a,n/a,Energy,Oil & Gas Production,http://www.nasdaq.com/symbol/gst
GST^A,Gastar Exploration,16,0,n/a,n/a,n/a,n/a,http://www.nasdaq.com/symbol/gst^a
JOB,"General Employment Enterprises, Inc.",0.5,10849837.5,n/a,n/a,Technology,Diversified Commercial Services,http://www.nasdaq.com/symbol/job
GMO,"General Moly, Inc",3.66,332852287.68,n/a,n/a,Basic Industries,Precious Metals,http://www.nasdaq.com/symbol/gmo
GGR,GeoGlobal Resources Inc.,0.0685,9476498.9935,n/a,n/a,Energy,Oil & Gas Production,http://www.nasdaq.com/symbol/ggr
GOK,"Geokinetics, Inc.",0.3,5714497.8,n/a,n/a,Energy,Oil & Gas Production,http://www.nasdaq.com/symbol/gok
GPR,GeoPetro Resources Co,0.0801,3642795.8901,n/a,n/a,Energy,Oil & Gas Production,http://www.nasdaq.com/symbol/gpr
GIG,"GigOptix, Inc.",1.78,39280383.18,n/a,n/a,Technology,Semiconductors,http://www.nasdaq.com/symbol/gig
GSB,"GlobalSCAPE, Inc.",1.51,27811128.66,n/a,n/a,Technology,Computer Software: Prepackaged Software,http://www.nasdaq.com/symbol/gsb
GLOW,"Glowpoint, Inc.",2.1,60470121.6,n/a,n/a,Public Utilities,Telecommunications Equipment,http://www.nasdaq.com/symbol/glow
GRZ,Gold Reserve Inc,3.17,189562741.24,n/a,n/a,Basic Industries,Precious Metals,http://www.nasdaq.com/symbol/grz
GORO,Gold Resource Corporation,16.14,850245015.66,n/a,n/a,Basic Industries,Precious Metals,http://www.nasdaq.com/symbol/goro
GSV,Gold Standard Ventures Corporation,1.48,123905761.32,n/a,n/a,Basic Industries,Mining & Quarrying of Nonmetallic Minerals (No Fuels),http://www.nasdaq.com/symbol/gsv
AUMN,Golden Minerals Company,3.88,165203932.04,n/a,n/a,Basic Industries,Precious Metals,http://www.nasdaq.com/symbol/aumn
GSS,"Golden Star Resources, Ltd",1.66,429858610.2,n/a,n/a,Basic Industries,Precious Metals,http://www.nasdaq.com/symbol/gss
GV,Goldfield Corporation (The),1.58,40213139.32,n/a,n/a,Basic Industries,Water Supply,http://www.nasdaq.com/symbol/gv
GRC,Gorman-Rupp Company (The),26.8,562716732.4,n/a,n/a,Capital Goods,Fluid Controls,http://www.nasdaq.com/symbol/grc
GHM,Graham Corporation,17.48,174621581.64,n/a,n/a,Technology,Industrial Machinery/Components,http://www.nasdaq.com/symbol/ghm
GTE,Gran Tierra Energy Inc.,5.53,1483028846.95,n/a,n/a,Energy,Oil & Gas Production,http://www.nasdaq.com/symbol/gte
GBG,"Great Basin Gold, Ltd.",0.087,48061969.932,n/a,n/a,Basic Industries,Precious Metals,http://www.nasdaq.com/symbol/gbg
GPL,Great Panther Silver Limited,1.77,243984326.04,n/a,n/a,Basic Industries,Precious Metals,http://www.nasdaq.com/symbol/gpl
GRH,GreenHunter Energy Inc,1.79,55545058.61,n/a,n/a,Basic Industries,Major Chemicals,http://www.nasdaq.com/symbol/grh
GRH^C,GreenHunter Energy Inc,21.91,0,n/a,n/a,n/a,n/a,http://www.nasdaq.com/symbol/grh^c
SIM,"Grupo Simec, S.A. de C.V.",12.72,2110287063.12,n/a,1993,Basic Industries,Steel/Iron Ore,http://www.nasdaq.com/symbol/sim
GVP,"GSE Systems, Inc.",1.9,34861838.4,n/a,n/a,Technology,Computer Software: Prepackaged Software,http://www.nasdaq.com/symbol/gvp
HWG,Hallwood Group Incorporated,8.65,13192685.9,n/a,n/a,Basic Industries,Textiles,http://www.nasdaq.com/symbol/hwg
HEB,"Hemispherx BioPharma, Inc.",0.7388,111566731.7568,n/a,n/a,Health Care,Biotechnology: Biological Products (No Diagnostic Substances),http://www.nasdaq.com/symbol/heb
HLM^,Hillman Group Capital Trust,30.71,0,n/a,n/a,n/a,n/a,http://www.nasdaq.com/symbol/hlm^
HMG,"HMG/Courtland Properties, Inc.",5.46,5418099.96,n/a,n/a,Consumer Services,Real Estate Investment Trusts,http://www.nasdaq.com/symbol/hmg
HH,"Hooper Holmes, Inc.",0.38,26537447.06,n/a,n/a,Health Care,Hospital/Nursing Management,http://www.nasdaq.com/symbol/hh
HUSA,Houston American Energy Corporation,0.498,25985662.41,n/a,n/a,Energy,Oil & Gas Production,http://www.nasdaq.com/symbol/husa
IBIO,"iBio, Inc.",0.73,34869979.35,n/a,n/a,Consumer Durables,Major Pharmaceuticals,http://www.nasdaq.com/symbol/ibio
IBO,IBO (Listing Market - NYSE Amex Network B F),n/a,0,n/a,n/a,n/a,n/a,http://www.nasdaq.com/symbol/ibo
IEC,IEC Electronics Corp.,6.99,69262190.46,n/a,n/a,Technology,Electrical Products,http://www.nasdaq.com/symbol/iec
IG,"IGI Laboratories, Inc.",1.05,42369695.55,n/a,n/a,Health Care,Biotechnology: Biological Products (No Diagnostic Substances),http://www.nasdaq.com/symbol/ig
IMUC,"ImmunoCellular Therapeutics, Ltd.",1.95,80169279.45,n/a,n/a,Consumer Durables,Major Pharmaceuticals,http://www.nasdaq.com/symbol/imuc
IMH,"Impac Mortgage Holdings, Inc.",11.75,93123250.25,n/a,1995,Consumer Services,Real Estate Investment Trusts,http://www.nasdaq.com/symbol/imh
IMO,Imperial Oil Limited,43.34,36734941136.74,n/a,n/a,Energy,Integrated oil Companies,http://www.nasdaq.com/symbol/imo
IOT,Income Opportunity Realty Trust,2.98,12421277.72,n/a,n/a,Consumer Services,Real Estate Investment Trusts,http://www.nasdaq.com/symbol/iot
IGC,India Globalization Capital Inc.,0.143,8588828.391,n/a,1987,Basic Industries,Military/Government/Technical,http://www.nasdaq.com/symbol/igc
IGC/U,India Globalization Capital Inc.,0.1656,0,n/a,n/a,n/a,n/a,http://www.nasdaq.com/symbol/igc/u
IGC/WS,India Globalization Capital Inc.,0.0052,0,n/a,n/a,n/a,n/a,http://www.nasdaq.com/symbol/igc/ws
INFU,"InfuSystems Holdings, Inc.",1.62,35608905.72,n/a,1992,Health Care,Medical/Dental Instruments,http://www.nasdaq.com/symbol/infu
INV,Innovaro Inc,0.43,6881429.75,n/a,1997,Consumer Services,Professional Services,http://www.nasdaq.com/symbol/inv
IHT,InnSuites Hospitality Trust,2.2,18492023,n/a,n/a,Consumer Services,Real Estate Investment Trusts,http://www.nasdaq.com/symbol/iht
INO,"Inovio Pharmaceuticals, Inc.",0.467,65082885.26,n/a,n/a,Health Care,Medical/Dental Instruments,http://www.nasdaq.com/symbol/ino
IFMI,"Institutional Financial Markets, Inc.",1.4,16498869.8,n/a,n/a,Finance,Investment Bankers/Brokers/Service,http://www.nasdaq.com/symbol/ifmi
IDN,"Intellicheck Mobilisia, Inc.",0.9,24951840.3,n/a,1999,Technology,Computer Software: Prepackaged Software,http://www.nasdaq.com/symbol/idn
INS,Intelligent Systems Corporation,1.5,13437042,n/a,1992,Capital Goods,Metal Fabrications,http://www.nasdaq.com/symbol/ins
THM,International Tower Hill Mines Ltd,2.15,210847571.7,n/a,1984,Basic Industries,Precious Metals,http://www.nasdaq.com/symbol/thm
INUV,"Inuvo, Inc",1.13,26551748.99,n/a,n/a,Consumer Services,Advertising,http://www.nasdaq.com/symbol/inuv
VKI,Invesco Van Kampen Advantage Municipal Income Trust II,13.55,601011428.85,n/a,n/a,n/a,n/a,http://www.nasdaq.com/symbol/vki
ICH,"Investors Capital Holdings, Ltd.",3.97,26518436.79,n/a,1997,Finance,Finance/Investors Services,http://www.nasdaq.com/symbol/ich
IPT,iParty Corporation,0.17,4153304.68,n/a,n/a,Consumer Services,Other Specialty Stores,http://www.nasdaq.com/symbol/ipt
ISR,"IsoRay, Inc.",0.42,14531041.14,n/a,n/a,Health Care,Medical/Dental Instruments,http://www.nasdaq.com/symbol/isr
ITI,"Iteris, Inc.",1.64,55109569.44,n/a,n/a,Consumer Durables,Telecommunications Equipment,http://www.nasdaq.com/symbol/iti
KGN,Keegan Resources Inc,4.08,308267819.04,n/a,n/a,Basic Industries,Mining & Quarrying of Nonmetallic Minerals (No Fuels),http://www.nasdaq.com/symbol/kgn
KBX,Kimber Resources Inc,0.47,38890444.22,n/a,n/a,Basic Industries,Mining & Quarrying of Nonmetallic Minerals (No Fuels),http://www.nasdaq.com/symbol/kbx
KXM,Kobex Minerals Inc.,0.52,23962854.76,n/a,n/a,Basic Industries,Precious Metals,http://www.nasdaq.com/symbol/kxm
LTS,Ladenburg Thalmann Financial Services Inc,1.22,223983015.92,n/a,n/a,Finance,Investment Bankers/Brokers/Service,http://www.nasdaq.com/symbol/lts
LSG,Lake Shore Gold Corp,0.775,322132051.5,n/a,n/a,n/a,n/a,http://www.nasdaq.com/symbol/lsg
LCI,Lannett Co Inc,4.55,129007592.35,n/a,n/a,Consumer Durables,Major Pharmaceuticals,http://www.nasdaq.com/symbol/lci
LAQ,"Latin America Equity Fund, Inc. (The)",34.24,255037222.08,n/a,1991,n/a,n/a,http://www.nasdaq.com/symbol/laq
LGL,"LGL Group, Inc. (The)",4.96,13066668.64,n/a,n/a,Capital Goods,Industrial Machinery/Components,http://www.nasdaq.com/symbol/lgl
LBY,"Libbey, Inc.",18.73,387485003.82,n/a,1993,Capital Goods,Industrial Machinery/Components,http://www.nasdaq.com/symbol/lby
LON,Loncor Resources Inc.,0.85,62423772.2,n/a,n/a,Basic Industries,Precious Metals,http://www.nasdaq.com/symbol/lon
LPH,Longwei Petroleum Investment Holding Limited,2.2,223265391.8,n/a,1973,Energy,Oil Refining/Marketing,http://www.nasdaq.com/symbol/lph
LEI,"Lucas Energy, Inc.",1.53,40845920.4,n/a,n/a,Energy,Oil & Gas Production,http://www.nasdaq.com/symbol/lei
MCZ,Mad Catz Interactive Inc,0.603,38276871.597,n/a,n/a,Consumer Non-Durables,Recreational Products/Toys,http://www.nasdaq.com/symbol/mcz
MVG,Mag Silver Corporation,10.17,609577951.95,n/a,n/a,Basic Industries,Precious Metals,http://www.nasdaq.com/symbol/mvg
MHR^C,Magnum Hunter Resources Corporation,25.23,0,n/a,n/a,n/a,n/a,http://www.nasdaq.com/symbol/mhr^c
MHR^D,Magnum Hunter Resources Corporation,43.2,0,n/a,n/a,n/a,n/a,http://www.nasdaq.com/symbol/mhr^d
MHE,Massachusetts Health and Education Tax-Exempt Trust,16.096,37965715.68,n/a,1993,n/a,n/a,http://www.nasdaq.com/symbol/mhe
MHH,"Mastech Holdings, Inc",5.02,16017133.28,n/a,n/a,Consumer Services,Professional Services,http://www.nasdaq.com/symbol/mhh
MDGN,"Medgenics, Inc.",7.8,95627649,n/a,n/a,Health Care,Biotechnology: Biological Products (No Diagnostic Substances),http://www.nasdaq.com/symbol/mdgn
MDGN/WS,"Medgenics, Inc.",2.5,0,n/a,n/a,n/a,n/a,http://www.nasdaq.com/symbol/mdgn/ws
MEET,"MeetMe, Inc.",3,110983515,n/a,n/a,Consumer Services,Advertising,http://www.nasdaq.com/symbol/meet
IPB,"Merrill Lynch & Co., Inc.",27.5,0,n/a,n/a,Finance,Finance: Consumer Services,http://www.nasdaq.com/symbol/ipb
MEA,Metalico Inc,1.75,83244285.25,n/a,n/a,Basic Industries,Metal Fabrications,http://www.nasdaq.com/symbol/mea
MXC,Mexco Energy Corporation,5.85,11910301.65,n/a,1972,Energy,Oil & Gas Production,http://www.nasdaq.com/symbol/mxc
CCA,MFS California Insured Municipal Trust,12.62,35158524.94,n/a,1984,n/a,n/a,http://www.nasdaq.com/symbol/cca
MGT,MGT Capital Investments Inc,4.785,14532939.795,n/a,n/a,Miscellaneous,Multi-Sector Companies,http://www.nasdaq.com/symbol/mgt
MSL,MidSouth Bancorp,14.85,155614293.45,n/a,n/a,Finance,Major Banks,http://www.nasdaq.com/symbol/msl
MDW,Midway Gold Corporation,1.46,187246895.08,n/a,n/a,Basic Industries,Precious Metals,http://www.nasdaq.com/symbol/mdw
MGH,Minco Gold Corporation,0.46,23174668.9,n/a,n/a,Basic Industries,Precious Metals,http://www.nasdaq.com/symbol/mgh
MGN,"Mines Management, Inc.",1.09,31609729.68,n/a,1985,Basic Industries,Precious Metals,http://www.nasdaq.com/symbol/mgn
MXA,Minnesota Municipal Income Portfolio Inc.,17.9999,74640959.3257,n/a,1993,n/a,n/a,http://www.nasdaq.com/symbol/mxa
MDM,Mountain Province Diamonds Inc.,3.66,295418942.28,n/a,n/a,Basic Industries,Precious Metals,http://www.nasdaq.com/symbol/mdm
MVF,"MuniVest Fund, Inc.",11.68,743095429.12,n/a,1993,n/a,n/a,http://www.nasdaq.com/symbol/mvf
MZA,"MuniYield Arizona Fund, Inc.",16.05,73317186.45,n/a,1993,n/a,n/a,http://www.nasdaq.com/symbol/mza
NHC,National HealthCare Corporation,45,630135270,n/a,n/a,Health Care,Hospital/Nursing Management,http://www.nasdaq.com/symbol/nhc
NHC^A,National HealthCare Corporation,15.63,0,n/a,n/a,n/a,n/a,http://www.nasdaq.com/symbol/nhc^a
NAVB,"Navidea Biopharmaceuticals, Inc.",2.44,262033142.08,n/a,n/a,Health Care,Biotechnology: In Vitro & In Vivo Diagnostic Substances,http://www.nasdaq.com/symbol/navb
NBS,"Neostem, Inc.",0.655,104416551.21,n/a,n/a,Health Care,Hospital/Nursing Management,http://www.nasdaq.com/symbol/nbs
NBW,Neuberger Berman California Intermediate Municipal Fund Inc.,16.9,93152800,n/a,2002,n/a,n/a,http://www.nasdaq.com/symbol/nbw
NHS,Neuberger Berman High Yield Strategies Fund,13.55,264354700.6,n/a,n/a,n/a,n/a,http://www.nasdaq.com/symbol/nhs
NBH,Neuberger Berman Intermediate Municipal Fund Inc.,17.37,325201140,n/a,2002,n/a,n/a,http://www.nasdaq.com/symbol/nbh
NBO,Neuberger Berman New York Intermediate Municipal Fund Inc.,16.01,80978580,n/a,2002,n/a,n/a,http://www.nasdaq.com/symbol/nbo
NRO,"Neuberger Berman Real Estate Securities Income Fund, Inc.",4.48,249929550.08,n/a,2003,n/a,n/a,http://www.nasdaq.com/symbol/nro
CUR,"Neuralstem, Inc.",1.04,70708886.56,n/a,1973,Health Care,Biotechnology: Biological Products (No Diagnostic Substances),http://www.nasdaq.com/symbol/cur
UWN,"Nevada Gold & Casinos, Inc.",0.78,12448935.72,n/a,n/a,Consumer Services,Services-Misc. Amusement & Recreation,http://www.nasdaq.com/symbol/uwn
NSU,Nevsun Resources Ltd,4.27,848823970.05,n/a,n/a,Basic Industries,Precious Metals,http://www.nasdaq.com/symbol/nsu
GBR,"New Concept Energy, Inc",1.24,2414199.4,n/a,n/a,Energy,Oil & Gas Production,http://www.nasdaq.com/symbol/gbr
NEWN,New Energy Systems Group.,0.507,7458847.617,n/a,n/a,Energy,Industrial Machinery/Components,http://www.nasdaq.com/symbol/newn
NEN,New England Realty Associates Limited Partnership,28.3,3663944.4,n/a,n/a,Consumer Services,Building operators,http://www.nasdaq.com/symbol/nen
NGD,NEW GOLD INC.,10.19,4713394873.42,n/a,n/a,Basic Industries,Precious Metals,http://www.nasdaq.com/symbol/ngd
PAL,"North American Palladium, Ltd.",1.43,249599185.55,n/a,2000,Basic Industries,Precious Metals,http://www.nasdaq.com/symbol/pal
NAK,"Northern Dynasty Minerals, Ltd.",3.52,334399172.8,n/a,n/a,Basic Industries,Precious Metals,http://www.nasdaq.com/symbol/nak
NOG,"Northern Oil and Gas, Inc.",14.85,942610462.2,n/a,n/a,Energy,Oil & Gas Production,http://www.nasdaq.com/symbol/nog
NBY,"NovaBay Pharmaceuticals, Inc.",1.5373,45874552.3897,n/a,2007,Consumer Durables,Major Pharmaceuticals,http://www.nasdaq.com/symbol/nby
NCQ,NovaCopper Inc.,2.08,97060221.44,n/a,n/a,Basic Industries,Precious Metals,http://www.nasdaq.com/symbol/ncq
NG,Novagold Resources Inc.,4.5,1259086864.5,n/a,n/a,Basic Industries,Precious Metals,http://www.nasdaq.com/symbol/ng
NTN,"NTN Buzztime, Inc.",0.225,15993909,n/a,n/a,Consumer Services,Broadcasting,http://www.nasdaq.com/symbol/ntn
NLP,NTS Realty Holdings Limited Partnership,6.8499,76001517.3726,n/a,n/a,Consumer Services,Real Estate Investment Trusts,http://www.nasdaq.com/symbol/nlp
NTS,"NTS, Inc.",0.95,39127266.2,n/a,n/a,Consumer Services,Telecommunications Equipment,http://www.nasdaq.com/symbol/nts
NEA,Nuveen AMT-Free Municipal Income Fund,15.68,348760675.2,n/a,2002,n/a,n/a,http://www.nasdaq.com/symbol/nea
NFZ,Nuveen Arizona Dividend Advantage Municipal Fund,15.78,24432363.36,n/a,2001,n/a,n/a,http://www.nasdaq.com/symbol/nfz
NFZ^C,Nuveen Arizona Dividend Advantage Municipal Fund,10.05,0,n/a,n/a,n/a,n/a,http://www.nasdaq.com/symbol/nfz^c
NKR,Nuveen Arizona Dividend Advantage Municipal Fund 2,16.04,39135979.96,n/a,2002,n/a,n/a,http://www.nasdaq.com/symbol/nkr
NXE,Nuveen Arizona Dividend Advantage Municipal Fund 3,15.28,46848938.4,n/a,2002,n/a,n/a,http://www.nasdaq.com/symbol/nxe
NKX,Nuveen California AMT-Free Municipal Income Fund,15.98,668101715.64,n/a,2002,n/a,n/a,http://www.nasdaq.com/symbol/nkx
NVX,Nuveen California Dividend Advantage Municipal Fund 2,17.19,253518738.84,n/a,2001,n/a,n/a,http://www.nasdaq.com/symbol/nvx
NZH,Nuveen California Dividend Advantage Municipal Fund 3,14.52,350544744,n/a,n/a,n/a,n/a,http://www.nasdaq.com/symbol/nzh
NCB,Nuveen California Municipal Value Fund 2,16.97,55795663,n/a,n/a,n/a,n/a,http://www.nasdaq.com/symbol/ncb
NCU,Nuveen California Premium Income Municipal Fund,16.56,94900193.28,n/a,1993,n/a,n/a,http://www.nasdaq.com/symbol/ncu
CFD,Nuveen Diversified Commodity Fund,20.46,188625650.4,n/a,1998,Finance,Investment Bankers/Brokers/Service,http://www.nasdaq.com/symbol/cfd
NXZ,Nuveen Dividend Advantage Municipal Fund 2,16.12,475192001.44,n/a,2001,n/a,n/a,http://www.nasdaq.com/symbol/nxz
NZF,Nuveen Dividend Advantage Municipal Fund 3,16.16,652864452.48,n/a,2007,n/a,n/a,http://www.nasdaq.com/symbol/nzf
NVG,Nuveen Dividend Advantage Municipal Income Fund,16.14,481018806,n/a,2002,n/a,n/a,http://www.nasdaq.com/symbol/nvg
NKG,Nuveen Georgia Dividend Advantage Municipal Fund 2,15.1404,159687751.9116,n/a,2002,n/a,n/a,http://www.nasdaq.com/symbol/nkg
NKG^E,Nuveen Georgia Dividend Advantage Municipal Fund 2,10.07,0,n/a,n/a,n/a,n/a,http://www.nasdaq.com/symbol/nkg^e
CTF,Nuveen Long/Short Commodity Total Return Fund,25.01,470188000,n/a,1986,Finance,Investment Bankers/Brokers/Service,http://www.nasdaq.com/symbol/ctf
NGX,Nuveen Massachusetts AMT-Free Municipal Income Fund,14.7799,40309472.5283,n/a,2002,n/a,n/a,http://www.nasdaq.com/symbol/ngx
NMB,Nuveen Massachusetts Dividend Advantage Municipal Fund,15.4645,30398552.1855,n/a,2001,n/a,n/a,http://www.nasdaq.com/symbol/nmb
NMB^C,Nuveen Massachusetts Dividend Advantage Municipal Fund,10.06,0,n/a,n/a,n/a,n/a,http://www.nasdaq.com/symbol/nmb^c
NZW,Nuveen Michigan Dividend Advantage Municipal Fund,15.63,32089734.18,n/a,n/a,n/a,n/a,http://www.nasdaq.com/symbol/nzw
NZW^C,Nuveen Michigan Dividend Advantage Municipal Fund,10.04,0,n/a,n/a,n/a,n/a,http://www.nasdaq.com/symbol/nzw^c
NOM,Nuveen Missouri Premium Income Municipal Fund,17.5,40691822.5,n/a,1993,n/a,n/a,http://www.nasdaq.com/symbol/nom
NMZ,Nuveen Municipal High Income Opportunity Fund,13.93,412222758.85,n/a,2003,n/a,n/a,http://www.nasdaq.com/symbol/nmz
NXJ,Nuveen New Jersey Dividend Advantage Municipal Fund,16.4,107746556.8,n/a,2001,n/a,n/a,http://www.nasdaq.com/symbol/nxj
NUJ,Nuveen New Jersey Dividend Advantage Municipal Fund 2,17.34,78471736.5,n/a,1991,n/a,n/a,http://www.nasdaq.com/symbol/nuj
NJV,Nuveen New Jersey Municipal Value Fund,17.348,27106059.172,n/a,n/a,n/a,n/a,http://www.nasdaq.com/symbol/njv
NRK,Nuveen New York AMT-Free Municipal Income Fund,15.97,55999763.2,n/a,2002,n/a,n/a,http://www.nasdaq.com/symbol/nrk
NXK,Nuveen New York Dividend Advantage Municipal Fund 2,15.76,102259012.16,n/a,2001,n/a,n/a,http://www.nasdaq.com/symbol/nxk
NKO,Nuveen New York Dividend Advantage Municipal Income Fund,15.84,125724155.04,n/a,2002,n/a,n/a,http://www.nasdaq.com/symbol/nko
NYV,Nuveen New York Municipal Value Fund 2,16.2499,38167163.8737,n/a,2009,n/a,n/a,http://www.nasdaq.com/symbol/nyv
NXI,Nuveen Ohio Dividend Advantage Municipal Fund,17.99,76419379.19,n/a,2001,n/a,n/a,http://www.nasdaq.com/symbol/nxi
NXI^D,Nuveen Ohio Dividend Advantage Municipal Fund,10.14,0,n/a,n/a,n/a,n/a,http://www.nasdaq.com/symbol/nxi^d
NBJ,Nuveen Ohio Dividend Advantage Municipal Fund 2,17.45,54492511,n/a,n/a,n/a,n/a,http://www.nasdaq.com/symbol/nbj
NBJ^A,Nuveen Ohio Dividend Advantage Municipal Fund 2,10.06,0,n/a,n/a,n/a,n/a,http://www.nasdaq.com/symbol/nbj^a
NVJ,Nuveen Ohio Dividend Advantage Municipal Fund 3,17.7,38206777.5,n/a,2002,n/a,n/a,http://www.nasdaq.com/symbol/nvj
NVJ^A,Nuveen Ohio Dividend Advantage Municipal Fund 3,10.08,0,n/a,n/a,n/a,n/a,http://www.nasdaq.com/symbol/nvj^a
NXM,Nuveen Pennsylvania Dividend Advantage Municipal Fund,15.7493,52318922.6112,n/a,2001,n/a,n/a,http://www.nasdaq.com/symbol/nxm
NVY,Nuveen Pennsylvania Dividend Advantage Municipal Fund 2,16.23,60474862.68,n/a,1993,n/a,n/a,http://www.nasdaq.com/symbol/nvy
NPN,Nuveen Pennsylvania Municipal Value Fund,16.3,19875437.6,n/a,1992,n/a,n/a,http://www.nasdaq.com/symbol/npn
JRS,Nuveen Real Estate Fund,10.54,301606052.5,n/a,2001,n/a,n/a,http://www.nasdaq.com/symbol/jrs
OBT,Orbital Corporation Limited,3.0915,9414093.591,n/a,n/a,Miscellaneous,Multi-Sector Companies,http://www.nasdaq.com/symbol/obt
TIS,Orchids Paper Products Company,20.98,159090815.5,n/a,1988,Basic Industries,Paper,http://www.nasdaq.com/symbol/tis
ONP,"Orient Paper, Inc.",1.95,35996561.25,n/a,n/a,Consumer Durables,Containers/Packaging,http://www.nasdaq.com/symbol/onp
OESX,"Orion Energy Systems, Inc.",1.48,29800722.04,n/a,2007,Consumer Durables,Building Products,http://www.nasdaq.com/symbol/oesx
OFI,"Overhill Farms, Inc.",4.4,69622392.4,n/a,n/a,Consumer Non-Durables,Packaged Foods,http://www.nasdaq.com/symbol/ofi
PHF,"Pacholder High Yield Fund, Inc.",9.1,118091100.4,n/a,1988,n/a,n/a,http://www.nasdaq.com/symbol/phf
PBM,Pacific Booker Minerals Inc,3.96,48654694.44,n/a,n/a,Basic Industries,Precious Metals,http://www.nasdaq.com/symbol/pbm
PCG^A,Pacific Gas & Electric Co.,30,0,n/a,n/a,n/a,n/a,http://www.nasdaq.com/symbol/pcg^a
PCG^B,Pacific Gas & Electric Co.,27.57,0,n/a,n/a,n/a,n/a,http://www.nasdaq.com/symbol/pcg^b
PCG^C,Pacific Gas & Electric Co.,25.96,0,n/a,n/a,n/a,n/a,http://www.nasdaq.com/symbol/pcg^c
PCG^D,Pacific Gas & Electric Co.,25,0,n/a,n/a,n/a,n/a,http://www.nasdaq.com/symbol/pcg^d
PCG^E,Pacific Gas & Electric Co.,25.05,0,n/a,n/a,n/a,n/a,http://www.nasdaq.com/symbol/pcg^e
PCG^G,Pacific Gas & Electric Co.,25.59,0,n/a,n/a,n/a,n/a,http://www.nasdaq.com/symbol/pcg^g
PCG^H,Pacific Gas & Electric Co.,23.45,0,n/a,n/a,n/a,n/a,http://www.nasdaq.com/symbol/pcg^h
PCG^I,Pacific Gas & Electric Co.,24.622,0,n/a,n/a,n/a,n/a,http://www.nasdaq.com/symbol/pcg^i
PTN,"Palatin Technologies, Inc.",0.69,26874059.28,n/a,1997,Consumer Durables,Major Pharmaceuticals,http://www.nasdaq.com/symbol/ptn
PZG,Paramount Gold and Silver Corp.,2.36,348208994.24,n/a,n/a,Basic Industries,Precious Metals,http://www.nasdaq.com/symbol/pzg
PCYG,"Park City Group, Inc.",3.0035,36865532.6685,n/a,n/a,Technology,EDP Services,http://www.nasdaq.com/symbol/pcyg
PRK,Park National Corporation,62.62,965099565.24,n/a,n/a,Finance,Major Banks,http://www.nasdaq.com/symbol/prk
PTX,"Pernix Therapeutics Holdings, Inc.",7.4,215439478.2,n/a,1993,Consumer Durables,Major Pharmaceuticals,http://www.nasdaq.com/symbol/ptx
PIP,"PharmAthene, Inc",1.05,50784283.2,n/a,1973,Consumer Durables,Major Pharmaceuticals,http://www.nasdaq.com/symbol/pip
HNW,Pioneer Diversified High Income Trust,20.23,167124804.28,n/a,2007,n/a,n/a,http://www.nasdaq.com/symbol/hnw
PLG,Platinum Group Metals Ltd.,0.92,163377778.64,n/a,1989,Basic Industries,Precious Metals,http://www.nasdaq.com/symbol/plg
PCC,PMC Commercial Trust,6.75,71479489.5,n/a,1993,Consumer Services,Real Estate Investment Trusts,http://www.nasdaq.com/symbol/pcc
PLM,Polymet Mining Corp.,0.99,180924505.74,n/a,n/a,Basic Industries,Precious Metals,http://www.nasdaq.com/symbol/plm
PW,Power REIT,7.7,12499025,n/a,n/a,Consumer Services,Real Estate Investment Trusts,http://www.nasdaq.com/symbol/pw
APTS,"Preferred Apartment Communities, Inc.",8.05,41709304,n/a,n/a,Consumer Services,Real Estate Investment Trusts,http://www.nasdaq.com/symbol/apts
PBTH,"PROLOR Biotech, Inc.",4.48,284054928.64,n/a,n/a,Consumer Durables,Major Pharmaceuticals,http://www.nasdaq.com/symbol/pbth
PLX,"Protalix BioTherapeutics, Inc.",5.34,499104002.46,n/a,n/a,Health Care,Biotechnology: Biological Products (No Diagnostic Substances),http://www.nasdaq.com/symbol/plx
PDO,Pyramid Oil Co,4.0299,18892513.7415,n/a,n/a,Energy,Oil & Gas Production,http://www.nasdaq.com/symbol/pdo
QMM,Quaterra Resources Inc,0.37,57886228.05,n/a,n/a,Basic Industries,Precious Metals,http://www.nasdaq.com/symbol/qmm
QRM,Quest Rare Minerals Ltd,1.04,64339271.36,n/a,n/a,Basic Industries,Precious Metals,http://www.nasdaq.com/symbol/qrm
RLGT,"Radiant Logistics, Inc.",1.14,37667230.2,n/a,n/a,Transportation,Oil Refining/Marketing,http://www.nasdaq.com/symbol/rlgt
REE,Rare Element Resources Ltd.,3.31,146845650.95,n/a,1992,Basic Industries,Precious Metals,http://www.nasdaq.com/symbol/ree
UTG,Reaves Utility Income Fund,23.549,543989058.896,n/a,2004,n/a,n/a,http://www.nasdaq.com/symbol/utg
RWC,RELM Wireless Corporation,1.64,22214590.48,n/a,n/a,Technology,Radio And Television Broadcasting And Communications Equipment,http://www.nasdaq.com/symbol/rwc
RCG,"Renaissance Capital Growth & Income Fund III, Inc.",1.2744,5688879.5448,n/a,n/a,n/a,n/a,http://www.nasdaq.com/symbol/rcg
RTK,"Rentech, Inc.",2.74,605129306.88,n/a,1991,Basic Industries,Agricultural Chemicals,http://www.nasdaq.com/symbol/rtk
RVP,"Retractable Technologies, Inc.",1.09,29727748.76,n/a,n/a,Health Care,Medical/Dental Instruments,http://www.nasdaq.com/symbol/rvp
RVM,Revett Minerals Inc.,3.26,112419101.62,n/a,n/a,Basic Industries,Precious Metals,http://www.nasdaq.com/symbol/rvm
RNN,"Rexahn Pharmaceuticals, Inc.",0.401,38233608.056,n/a,n/a,Consumer Durables,Major Pharmaceuticals,http://www.nasdaq.com/symbol/rnn
RIC,"Richmont Mines, Inc.",3.39,134115529.17,n/a,n/a,Basic Industries,Precious Metals,http://www.nasdaq.com/symbol/ric
RIF,RMR Real Estate Income Fund.,17.5,133901372.5,n/a,2002,n/a,n/a,http://www.nasdaq.com/symbol/rif
RPI,"Roberts Realty Investors, Inc.",1.2988,13821736.0864,n/a,n/a,Consumer Services,Real Estate Investment Trusts,http://www.nasdaq.com/symbol/rpi
RBY,Rubicon Minerals Corp,3.02,868570065.64,n/a,n/a,Basic Industries,Precious Metals,http://www.nasdaq.com/symbol/rby
BQY,S&P Quality Rankings Glbl Equ Mngd Tr,11.67,70405436.76,n/a,2004,n/a,n/a,http://www.nasdaq.com/symbol/bqy
SGA,"Saga Communications, Inc.",42.83,182023602.47,n/a,1992,Consumer Services,Broadcasting,http://www.nasdaq.com/symbol/sga
SAL,"Salisbury Bancorp, Inc.",26.5,44776811.5,n/a,n/a,Finance,Savings Institutions,http://www.nasdaq.com/symbol/sal
SSN,Samson Oil & Gas Limited,0.5309,46759968.3419,n/a,n/a,Energy,Oil & Gas Production,http://www.nasdaq.com/symbol/ssn
SDO^A,San Diego Gas & Electric Company,24.59,0,n/a,n/a,n/a,n/a,http://www.nasdaq.com/symbol/sdo^a
SDO^B,San Diego Gas & Electric Company,22.15,0,n/a,n/a,n/a,n/a,http://www.nasdaq.com/symbol/sdo^b
SDO^C,San Diego Gas & Electric Company,24.75,0,n/a,n/a,n/a,n/a,http://www.nasdaq.com/symbol/sdo^c
SDO^H,San Diego Gas & Electric Company,27.52,0,n/a,n/a,n/a,n/a,http://www.nasdaq.com/symbol/sdo^h
SAND          ,Sandstorm Gold Ltd,11.87,1020785232.77,n/a,n/a,Basic Industries,Precious Metals,http://www.nasdaq.com/symbol/sand          
SARA,Saratoga Resources Inc,4.06,125474710.06,n/a,n/a,Energy,Oil & Gas Production,http://www.nasdaq.com/symbol/sara
SEB,Seaboard Corporation,2195.03,2633447731.96,n/a,1996,Finance,Investment Bankers/Brokers/Service,http://www.nasdaq.com/symbol/seb
IDI,SearchMedia Holdings Limited,1.04,29644434.56,n/a,n/a,Consumer Services,Advertising,http://www.nasdaq.com/symbol/idi
IDI/U,SearchMedia Holdings Limited,3.5,0,n/a,n/a,n/a,n/a,http://www.nasdaq.com/symbol/idi/u
IDI/WS,SearchMedia Holdings Limited,0.0652,0,n/a,n/a,n/a,n/a,http://www.nasdaq.com/symbol/idi/ws
SED,SED International Holdings Inc,1.69,8634360.41,n/a,n/a,Technology,Retail: Computer Software & Peripheral Equipment,http://www.nasdaq.com/symbol/sed
SVT,"Servotronics, Inc.",7.16,17028169.76,n/a,n/a,Capital Goods,Industrial Machinery/Components,http://www.nasdaq.com/symbol/svt
SIF,"SIFCO Industries, Inc.",15.03,80223692.13,n/a,n/a,Capital Goods,Aerospace,http://www.nasdaq.com/symbol/sif
SVBL,"Silver Bull Resources, Inc.",0.4699,63981657.7743,n/a,n/a,Basic Industries,Precious Metals,http://www.nasdaq.com/symbol/svbl
SVLC,"SilverCrest Mines, Inc.",2.69,284782577.01,n/a,n/a,Basic Industries,Precious Metals,http://www.nasdaq.com/symbol/svlc
WWZ^K,SiM Internal Test 10,n/a,0,n/a,n/a,n/a,n/a,http://www.nasdaq.com/symbol/wwz^k
MMZ^K,SiM Internal Test 6,n/a,0,n/a,n/a,n/a,n/a,http://www.nasdaq.com/symbol/mmz^k
OOZ^K,SiM Internal Test 7,n/a,0,n/a,n/a,n/a,n/a,http://www.nasdaq.com/symbol/ooz^k
QQZ^K,SiM Internal Test 8,n/a,0,n/a,n/a,n/a,n/a,http://www.nasdaq.com/symbol/qqz^k
SS^K,SiM Internal Test 9,n/a,0,n/a,n/a,n/a,n/a,http://www.nasdaq.com/symbol/ss^k
SLI,"SL Industries, Inc.",17,70142000,n/a,n/a,Capital Goods,Industrial Machinery/Components,http://www.nasdaq.com/symbol/sli
ZXX,SM Listed Test 3,n/a,0,n/a,n/a,n/a,n/a,http://www.nasdaq.com/symbol/zxx
ZXX^F,SM Listed Test 3,n/a,0,n/a,n/a,n/a,n/a,http://www.nasdaq.com/symbol/zxx^f
XPL,Solitario Exploration & Royalty Corp,1.654,56988500.532,n/a,n/a,Basic Industries,Precious Metals,http://www.nasdaq.com/symbol/xpl
SOQ,Sonde Resources Corp,0.96,59809388.16,n/a,n/a,Energy,Oil & Gas Production,http://www.nasdaq.com/symbol/soq
SCE^B,Southern California Edison Company,22.5,0,n/a,n/a,n/a,n/a,http://www.nasdaq.com/symbol/sce^b
SCE^C,Southern California Edison Company,23.6,0,n/a,n/a,n/a,n/a,http://www.nasdaq.com/symbol/sce^c
SCE^D,Southern California Edison Company,24.58,0,n/a,n/a,n/a,n/a,http://www.nasdaq.com/symbol/sce^d
SCE^E,Southern California Edison Company,24.75,0,n/a,n/a,n/a,n/a,http://www.nasdaq.com/symbol/sce^e
SSE,Southern Connecticut Bancorp Inc,1.36,3771029.76,n/a,n/a,Finance,Major Banks,http://www.nasdaq.com/symbol/sse
SGB,Southwest Georgia Financial Corporation,9.05,23057924.85,n/a,n/a,Finance,Major Banks,http://www.nasdaq.com/symbol/sgb
LOV,"Spark Networks, Inc.",6.04,125457842.64,n/a,n/a,Miscellaneous,Business Services,http://www.nasdaq.com/symbol/lov
SILU,Sprott Resource Lending Corp.,1.44,216892674.72,n/a,n/a,Finance,Commercial Banks,http://www.nasdaq.com/symbol/silu
SSY,"SunLink Health Systems, Inc.",0.9501,8974682.604,n/a,n/a,Health Care,Hospital/Nursing Management,http://www.nasdaq.com/symbol/ssy
STS,"Supreme Industries, Inc.",3.39,51643646.46,n/a,n/a,Capital Goods,Construction/Ag Equipment/Trucks,http://www.nasdaq.com/symbol/sts
SYRG,Synergy Resources Corporation,3.73,192754628.12,n/a,n/a,Energy,Oil & Gas Production,http://www.nasdaq.com/symbol/syrg
SYN,"Synthetic Biologics, Inc",1.94,84773631.12,n/a,n/a,Consumer Durables,Major Pharmaceuticals,http://www.nasdaq.com/symbol/syn
TTTM,T3 Motion Inc,0.214,2761889.778,n/a,n/a,Capital Goods,Auto Manufacturing,http://www.nasdaq.com/symbol/tttm
TTTM/WS/W,T3 Motion Inc,n/a,0,n/a,n/a,n/a,n/a,http://www.nasdaq.com/symbol/tttm/ws/w
TTTM/WS/Z,T3 Motion Inc,n/a,0,n/a,n/a,n/a,n/a,http://www.nasdaq.com/symbol/tttm/ws/z
TRX,Tanzanian Royalty Exploration Corporation,4.72,475215613.28,n/a,2005,Basic Industries,Precious Metals,http://www.nasdaq.com/symbol/trx
TGB,Taseko Mines Limited,2.78,529143684.9,n/a,n/a,Basic Industries,Precious Metals,http://www.nasdaq.com/symbol/tgb
TAS,Tasman Metals Ltd,1.17,71072798.94,n/a,n/a,Basic Industries,Precious Metals,http://www.nasdaq.com/symbol/tas
TSH,Teche Holding Company,38.84,78773423.68,n/a,n/a,Finance,Savings Institutions,http://www.nasdaq.com/symbol/tsh
TIK,Tel-Instrument Electronics Corp.,3.5,9492752.5,n/a,n/a,Capital Goods,Electrical Products,http://www.nasdaq.com/symbol/tik
TGC,"Tengasco, Inc.",0.6425,39091250.3525,n/a,n/a,Energy,Oil & Gas Production,http://www.nasdaq.com/symbol/tgc
TF,Thai Capital Fund Inc,11.25,40104157.5,n/a,n/a,n/a,n/a,http://www.nasdaq.com/symbol/tf
TPI,"Tianyin Pharmaceutical Co., Inc.",0.63,18479658.33,n/a,1986,Consumer Durables,Major Pharmaceuticals,http://www.nasdaq.com/symbol/tpi
TLR,Timberline Resources Corporation,0.3295,18335283.851,n/a,1983,Basic Industries,Precious Metals,http://www.nasdaq.com/symbol/tlr
TGD,Timmons Gold Corp,3.28,469315667.6,n/a,n/a,Basic Industries,Precious Metals,http://www.nasdaq.com/symbol/tgd
TOF,Tofutti Brands Inc.,1.3199,6802376.5494,n/a,n/a,Consumer Non-Durables,Specialty Foods,http://www.nasdaq.com/symbol/tof
TMP,Tompkins Financial Corporation,38.03,546230860.71,n/a,n/a,Finance,Major Banks,http://www.nasdaq.com/symbol/tmp
TAT,Transatlantic Petroleum Ltd,0.79,291241046.87,n/a,n/a,Energy,Oil & Gas Production,http://www.nasdaq.com/symbol/tat
TA,TravelCenters of America LLC,4.5,129628395,n/a,n/a,Consumer Durables,Automotive Aftermarket,http://www.nasdaq.com/symbol/ta
TPLM,Triangle Petroleum Corporation,5.58,247297151.88,n/a,n/a,Energy,Oil & Gas Production,http://www.nasdaq.com/symbol/tplm
TRT,Trio-Tech International,1.6,5314488,n/a,1984,Technology,Industrial Machinery/Components,http://www.nasdaq.com/symbol/trt
TCX,Tucows Inc.,1.42,62851591.28,n/a,n/a,Technology,EDP Services,http://www.nasdaq.com/symbol/tcx
TWO/WS,Two Harbors Investments Corp,0.55,0,n/a,n/a,n/a,n/a,http://www.nasdaq.com/symbol/two/ws
HTM,U.S. Geothermal Inc.,0.4301,38582528.2348,n/a,n/a,Public Utilities,Electric Utilities: Central,http://www.nasdaq.com/symbol/htm
UAMY,United States Antimony Corporation,1.8,111216279.6,n/a,n/a,Capital Goods,Metal Fabrications,http://www.nasdaq.com/symbol/uamy
UVE,UNIVERSAL INSURANCE HOLDINGS INC,4.1,167571214.8,n/a,n/a,Finance,Property-Casualty Insurers,http://www.nasdaq.com/symbol/uve
UPG,Universal Power Group Inc,1.62,8132400,n/a,2006,Consumer Non-Durables,Telecommunications Equipment,http://www.nasdaq.com/symbol/upg
UUU,"Universal Security Instruments, Inc.",4.29,9921736.11,n/a,n/a,Consumer Non-Durables,Electronic Components,http://www.nasdaq.com/symbol/uuu
UQM,UQM TECHNOLOGIES INC,0.921,33754604.871,n/a,n/a,Capital Goods,Industrial Machinery/Components,http://www.nasdaq.com/symbol/uqm
URG,Ur Energy Inc,0.75,90850707,n/a,n/a,Basic Industries,Precious Metals,http://www.nasdaq.com/symbol/urg
URZ,Uranerz Energy Corporation,1.37,105713411.38,n/a,n/a,Basic Industries,Precious Metals,http://www.nasdaq.com/symbol/urz
UEC,Uranium Energy Corp.,2.15,183272783.25,n/a,n/a,Basic Industries,Precious Metals,http://www.nasdaq.com/symbol/uec
VTG,Vantage Drilling Company,1.71,502961867.37,n/a,n/a,Energy,Oil & Gas Production,http://www.nasdaq.com/symbol/vtg
VSR,"Versar, Inc.",3.76,36825477.6,n/a,1986,Consumer Services,Military/Government/Technical,http://www.nasdaq.com/symbol/vsr
VII,"Vicon Industries, Inc.",2.7,12095284.5,n/a,n/a,Consumer Durables,Telecommunications Equipment,http://www.nasdaq.com/symbol/vii
VHC,VirnetX Holding Corp,31.35,1602055224,n/a,n/a,Miscellaneous,Multi-Sector Companies,http://www.nasdaq.com/symbol/vhc
VGZ,Vista Gold Corporation,2.99,231216284.39,n/a,n/a,Basic Industries,Precious Metals,http://www.nasdaq.com/symbol/vgz
VRNG,"Vringo, Inc.",3.75,301230540,n/a,n/a,Consumer Services,Telecommunications Equipment,http://www.nasdaq.com/symbol/vrng
VRNG/WS,"Vringo, Inc.",1.55,0,n/a,n/a,n/a,n/a,http://www.nasdaq.com/symbol/vrng/ws
WAC,Walter Investment Management Corp.,40.48,1447491490.72,n/a,1991,Consumer Services,Real Estate Investment Trusts,http://www.nasdaq.com/symbol/wac
WVT,Warwick Valley Telephone Company,11.25,65164545,n/a,n/a,Public Utilities,Telecommunications Equipment,http://www.nasdaq.com/symbol/wvt
WSO/B,"Watsco, Inc.",72,0,n/a,n/a,Consumer Durables,Industrial Machinery/Components,http://www.nasdaq.com/symbol/wso/b
EAD,Wells Fargo Advantage Income Opportunities Fund,10.22,722819219.22,n/a,2003,n/a,n/a,http://www.nasdaq.com/symbol/ead
ERC,Wells Fargo Advantage Multi-Sector Income Fund,15.95,670777250,n/a,2003,n/a,n/a,http://www.nasdaq.com/symbol/erc
ERH,Wells Fargo Advantage Utilities and High Income Fund,11.13,102683421.12,n/a,2004,n/a,n/a,http://www.nasdaq.com/symbol/erh
WGA,Wells-Gardner Electronics Corporation,1.8278,21324942.6,n/a,n/a,Technology,Radio And Television Broadcasting And Communications Equipment,http://www.nasdaq.com/symbol/wga
SBI,Western Asset Intermediate Muni Fund Inc,10.94,153681148.78,n/a,1992,n/a,n/a,http://www.nasdaq.com/symbol/sbi
WRN,Western Copper and Gold Corporation,0.635,59551889.405,n/a,1994,Basic Industries,Precious Metals,http://www.nasdaq.com/symbol/wrn
RVR,"White River Capital, Inc.",21.37,75752910.25,n/a,1984,Finance,Finance: Consumer Services,http://www.nasdaq.com/symbol/rvr
WYY,WidePoint Corporation,0.4311,27440315.5527,n/a,n/a,Technology,EDP Services,http://www.nasdaq.com/symbol/wyy
WMCO,"Williams Controls, Inc.",15.37,115309766.94,n/a,1989,Capital Goods,Auto Parts:O.E.M.,http://www.nasdaq.com/symbol/wmco
WEX,"Winland Electronics, Inc.",0.64,2369043.2,n/a,n/a,Capital Goods,Industrial Machinery/Components,http://www.nasdaq.com/symbol/wex
WTT,"Wireless Telecom Group,  Inc.",1.24,29879023.88,n/a,n/a,Capital Goods,Electrical Products,http://www.nasdaq.com/symbol/wtt
WIS^,Wisconsin Power & Light Co.,101.1,0,n/a,n/a,Public Utilities,Power Generation,http://www.nasdaq.com/symbol/wis^
YMI,"YM BioSciences, Inc.",1.55,244197529.15,n/a,n/a,Consumer Durables,Major Pharmaceuticals,http://www.nasdaq.com/symbol/ymi
ZBB,ZBB Energy Corporation,0.205,15901549.675,n/a,2007,Public Utilities,Electric Utilities: Central,http://www.nasdaq.com/symbol/zbb
